Date;conso
1995-01;41,841
1995-02;35,809
1995-03;36,725
1995-04;31,498
1995-05;28,837
1995-06;27,24
1995-07;27,929
1995-08;25,889
1995-09;27,465
1995-10;31,429
1995-11;35,467
1995-12;39,112
1996-01;42,204
1996-02;36,001
1996-03;36,868
1996-04;32,152
1996-05;28,827
1996-06;27,414
1996-07;28,486
1996-08;25,524
1996-09;27,806
1996-10;32,307
1996-11;36,087
1996-12;40,91
1997-01;41,682
1997-02;37,165
1997-03;36,755
1997-04;33,105
1997-05;29,417
1997-06;28,152
1997-07;29,148
1997-08;26,941
1997-09;28,44
1997-10;32,903
1997-11;36,469
1997-12;41,676
1998-01;43,407
1998-02;37,448
1998-03;38,836
1998-04;34,249
1998-05;30,313
1998-06;29,048
1998-07;29,978
1998-08;27,306
1998-09;29,569
1998-10;33,984
1998-11;37,127
1998-12;42,997
1999-01;44,128
1999-02;38,181
1999-03;39,371
1999-04;34,716
1999-05;30,739
1999-06;29,93
1999-07;30,727
1999-08;27,8
1999-09;30,405
1999-10;34,512
1999-11;38,407
1999-12;43,883
2000-01;44,793
2000-02;39,615
2000-03;40,372
2000-04;35,433
2000-05;32,42
2000-06;30,201
2000-07;30,676
2000-08;29,042
2000-09;30,864
2000-10;35,434
2000-11;40,292
2000-12;44,717
2001-01;44,997
2001-02;38,842
2001-03;39,55
2001-04;33,587
2001-05;31,532
2001-06;30,476
2001-07;31,26
2001-08;29,111
2001-09;31,024
2001-10;34,755
2001-11;39,334
2001-12;44,364
2002-01;46,144
2002-02;39,972
2002-03;39,755
2002-04;34,43
2002-05;31,815
2002-06;31,182
2002-07;32,592
2002-08;29,243
2002-09;31,294
2002-10;35,78
2002-11;39,546
2002-12;44,911
2003-01;46,916999
2003-02;40,635
2003-03;40,551288
2003-04;35,036607
2003-05;31,885492
2003-06;30,970995
2003-07;32,554144
2003-08;29,082937
2003-09;31,648755
2003-10;35,978406
2003-11;40,373928
2003-12;46,18
2004-01;47,699
2004-02;40,816
2004-03;41,738983
2004-04;35,322876
2004-05;32,389
2004-06;32,168
2004-07;32,989
2004-08;29,896
2004-09;32,344
2004-10;36,467
2004-11;40,929
2004-12;46,87
2005-01;48,367
2005-02;41,727
2005-03;41,757
2005-04;35,48
2005-05;32,827
2005-06;32,445
2005-07;32,875
2005-08;30,455
2005-09;32,45
2005-10;35,998
2005-11;40,968
2005-12;47,599
2006-01;49,139947
2006-02;42,197895
2006-03;42,818028
2006-04;35,366784
2006-05;33,464529
2006-06;32,747218
2006-07;33,371764
2006-08;30,854364
2006-09;32,726167
2006-10;36,604664
2006-11;42,517994
2006-12;48,463162
2007-01;50,039
2007-02;42,853
2007-03;43,089
2007-04;36,021
2007-05;33,901
2007-06;32,872
2007-07;33,872
2007-08;31,44
2007-09;33,135
2007-10;37,778
2007-11;42,921
2007-12;49,425
2008-01;51,44631769
2008-02;43,71801881
2008-03;43,91762241
2008-04;37,60170938
2008-05;33,8402647
2008-06;33,09941202
2008-07;34,55204361
2008-08;31,43663539
2008-09;33,73155433
2008-10;38,05750758
2008-11;42,63140674
2008-12;48,87153839
2009-01;50,695
2009-02;43,754
2009-03;42,866
2009-04;35,918
2009-05;32,494
2009-06;32,207
2009-07;33,718
2009-08;31,013
2009-09;32,905
2009-10;37,322
2009-11;43,292
2009-12;49,515
2010-01;51,011
2010-02;44,417
2010-03;45,428
2010-04;36,936
2010-05;33,496
2010-06;33,015
2010-07;34,269
2010-08;31,712
2010-09;33,275
2010-10;37,378
2010-11;43,633
2010-12;50,931
2011-01;52,87
2011-02;45,085
2011-03;45,749
2011-04;37,196
2011-05;34,654
2011-06;33,092
2011-07;34,196
2011-08;32,038
2011-09;33,434
2011-10;37,288
2011-11;43,781
2011-12;51,14
2012-01;53,144
2012-02;45,503
2012-03;45,307
2012-04;37,31
2012-05;34,017
2012-06;33,124
2012-07;34,363
2012-08;32,01
2012-09;33,082
2012-10;38,215
2012-11;43,64
2012-12;50,977
2013-01;53,019
2013-02;45,671
2013-03;45,474
2013-04;37,446
2013-05;33,847
2013-06;32,767
2013-07;34,444
2013-08;31,524
2013-09;33,042
2013-10;37,745
2013-11;43,851
2013-12;51,024
2014-01;51,668981
2014-02;45,741253
2014-03;43,979456
2014-04;36,662314
2014-05;33,496041
2014-06;32,452202
2014-07;33,463025
2014-08;31,465
2014-09;32,873434
2014-10;36,592257
2014-11;42,616104
2014-12;49,197372
2015-01;51,573482
2015-02;45,608893
2015-03;44,860114
2015-04;36,7964
2015-05;33,587828
2015-06;32,874984
2015-07;33,9613
2015-08;31,57101
2015-09;32,778158
2015-10;36,627767
2015-11;43,174966
2015-12;48,894654
2016-01;51,532415
2016-02;45,650174
2016-03;44,648981
2016-04;37,022439
2016-05;33,220355
2016-06;32,309961
2016-07;33,872335
2016-08;31,935799
2016-09;32,649203
2016-10;36,731121
2016-11;43,185573
2016-12;49,153522
2017-01;51,807598
2017-02;45,554601
2017-03;44,54834
2017-04;36,244178
2017-05;33,429753
2017-06;32,654696
2017-07;33,732196
2017-08;32,065528
2017-09;32,700443
2017-10;36,808238
2017-11;43,006454
2017-12;49,911073
2018-01;52,329489
2018-02;45,70924
2018-03;45,083386
2018-04;37,124986
2018-05;33,362989
2018-06;32,381825
2018-07;33,5866
2018-08;31,884034
2018-09;32,739077
2018-10;36,291708
2018-11;42,768354
2018-12;49,262052
2019-01;51,970735
2019-02;45,467538
2019-03;44,670518
2019-04;36,648727
2019-05;33,270313
2019-06;32,106693
2019-07;33,397176
2019-08;31,494691
2019-09;32,161561
2019-10;36,155248
2019-11;42,449193
2019-12;48,96976
2020-01;51,043554
2020-02;45,238373
2020-03;41,696676
2020-04;32,027752
2020-05;30,570471
2020-06;30,434669
2020-07;32,862585
2020-08;31,028668
2020-09;31,553414
2020-10;36,288746
2020-11;41,210073
2020-12;47,946653
2021-01;50,528365
2021-02;44,255906
2021-03;42,963375
2021-04;35,323432
2021-05;32,639574
2021-06;31,574642
2021-07;33,064328
2021-08;31,52805
2021-09;31,964518
2021-10;35,782905
2021-11;42,149174
2021-12;49,330342
2022-01;51,321274
2022-02;45,226808
2022-03;43,975601
2022-04;36,172166
2022-05;32,760701
2022-06;32,014648
2022-07;33,369665
2022-08;31,149172
2022-09;30,812882
2022-10;33,707261
2022-11;38,850542
2022-12;44,896498
2023-01;47,383814
2023-02;41,773082
2023-03;40,794178
2023-04;34,277049
2023-05;31,331156
2023-06;30,01101
2023-07;32,10153
2023-08;30,484032
2023-09;30,356994
2023-10;34,032032
2023-11;40,005038
2023-12;46,015023
2024-01;48,353644
2024-02;42,109932
2024-03;41,115726
2024-04;34,627458
2024-05;31,426865
2024-06;30,577947
2024-07;32,303831
2024-08;30,922836
2024-09;30,618373
2024-10;34,415575
2024-11;39,918751
2024-12;46,236767
2025-01;48,768084
2025-02;42,469291
2025-03;41,330543
2025-04;34,477174
2025-05;31,432432
2025-06;30,922855
2025-07;32,394279
2025-08;30,828951
2025-09;30,899861
2025-10;34,370499
2025-11;40,419019
2025-12;46,423697
